{
  "info": {
    "name": "Microservices Backend API",
    "description": "Complete testing collection for Spring Boot Microservices",
    "schema": "https://schema.getpostman.com/json/collection/v2.1.0/collection.json"
  },
  "item": [
    {
      "name": "USER SERVICE",
      "item": [
        {
          "name": "1. Register User",
          "request": {
            "method": "POST",
            "header": [
              {
                "key": "Content-Type",
                "value": "application/json"
              }
            ],
            "body": {
              "mode": "raw",
              "raw": "{\n  \"email\": \"john.doe@example.com\",\n  \"password\": \"Gy168@02\",\n  \"firstName\": \"John\",\n  \"lastName\": \"Doe\",\n  \"location\": \"New York\",\n  \"mobileNumber\": \"555-0123\"\n}"
            },
            "url": {
              "raw": "http://localhost:8086/user-service/users/register",
              "protocol": "http",
              "host": ["localhost"],
              "port": "8086",
              "path": ["user-service", "users", "register"]
            }
          }
        },
        {
          "name": "2. Login User",
          "request": {
            "method": "POST",
            "header": [
              {
                "key": "Content-Type",
                "value": "application/json"
              }
            ],
            "body": {
              "mode": "raw",
              "raw": "{\n  \"email\": \"john.doe@example.com\",\n  \"password\": \"Gy168@02\"\n}"
            },
            "url": {
              "raw": "http://localhost:8086/user-service/users/login",
              "protocol": "http",
              "host": ["localhost"],
              "port": "8086",
              "path": ["user-service", "users", "login"]
            }
          }
        },
        {
          "name": "3. Get All Users",
          "request": {
            "method": "GET",
            "header": [
              {
                "key": "Authorization",
                "value": "Bearer {{jwt_token}}"
              }
            ],
            "url": {
              "raw": "http://localhost:8086/user-service/users/all",
              "protocol": "http",
              "host": ["localhost"],
              "port": "8086",
              "path": ["user-service", "users", "all"]
            }
          }
        },
        {
          "name": "4. Get User by ID",
          "request": {
            "method": "GET",
            "header": [
              {
                "key": "Authorization",
                "value": "Bearer {{jwt_token}}"
              }
            ],
            "url": {
              "raw": "http://localhost:8086/user-service/users/1",
              "protocol": "http",
              "host": ["localhost"],
              "port": "8086",
              "path": ["user-service", "users", "1"]
            }
          }
        },
        {
          "name": "5. Update User",
          "request": {
            "method": "PUT",
            "header": [
              {
                "key": "Authorization",
                "value": "Bearer {{jwt_token}}"
              },
              {
                "key": "Content-Type",
                "value": "application/json"
              }
            ],
            "body": {
              "mode": "raw",
              "raw": "{\n  \"firstName\": \"Jonathan\",\n  \"lastName\": \"Doe-Smith\",\n  \"location\": \"Los Angeles\",\n  \"mobileNumber\": \"555-9999\"\n}"
            },
            "url": {
              "raw": "http://localhost:8086/user-service/users/1",
              "protocol": "http",
              "host": ["localhost"],
              "port": "8086",
              "path": ["user-service", "users", "1"]
            }
          }
        },
        {
          "name": "6. Delete User",
          "request": {
            "method": "DELETE",
            "header": [
              {
                "key": "Authorization",
                "value": "Bearer {{jwt_token}}"
              }
            ],
            "url": {
              "raw": "http://localhost:8086/user-service/users/1",
              "protocol": "http",
              "host": ["localhost"],
              "port": "8086",
              "path": ["user-service", "users", "1"]
            }
          }
        }
      ]
    },
    {
      "name": "PRODUCT SERVICE",
      "item": [
        {
          "name": "1. Create Product - Laptop",
          "request": {
            "method": "POST",
            "header": [
              {
                "key": "Authorization",
                "value": "Bearer {{jwt_token}}"
              },
              {
                "key": "Content-Type",
                "value": "application/json"
              }
            ],
            "body": {
              "mode": "raw",
              "raw": "{\n  \"name\": \"Dell XPS 15\",\n  \"description\": \"High-performance laptop with Intel i7 processor\",\n  \"manufacturer\": \"Dell\",\n  \"price\": 1299.99,\n  \"quantity\": 50\n}"
            },
            "url": {
              "raw": "http://localhost:8086/product-service/products",
              "protocol": "http",
              "host": ["localhost"],
              "port": "8086",
              "path": ["product-service", "products"]
            }
          }
        },
        {
          "name": "2. Create Product - Mouse",
          "request": {
            "method": "POST",
            "header": [
              {
                "key": "Authorization",
                "value": "Bearer {{jwt_token}}"
              },
              {
                "key": "Content-Type",
                "value": "application/json"
              }
            ],
            "body": {
              "mode": "raw",
              "raw": "{\n  \"name\": \"Logitech MX Master 3S\",\n  \"description\": \"Wireless mouse with advanced scrolling\",\n  \"manufacturer\": \"Logitech\",\n  \"price\": 99.99,\n  \"quantity\": 200\n}"
            },
            "url": {
              "raw": "http://localhost:8086/product-service/products",
              "protocol": "http",
              "host": ["localhost"],
              "port": "8086",
              "path": ["product-service", "products"]
            }
          }
        },
        {
          "name": "3. Create Product - Keyboard",
          "request": {
            "method": "POST",
            "header": [
              {
                "key": "Authorization",
                "value": "Bearer {{jwt_token}}"
              },
              {
                "key": "Content-Type",
                "value": "application/json"
              }
            ],
            "body": {
              "mode": "raw",
              "raw": "{\n  \"name\": \"Mechanical RGB Keyboard\",\n  \"description\": \"Mechanical keyboard with RGB backlight\",\n  \"manufacturer\": \"Corsair\",\n  \"price\": 179.99,\n  \"quantity\": 75\n}"
            },
            "url": {
              "raw": "http://localhost:8086/product-service/products",
              "protocol": "http",
              "host": ["localhost"],
              "port": "8086",
              "path": ["product-service", "products"]
            }
          }
        },
        {
          "name": "4. Get All Products",
          "request": {
            "method": "GET",
            "header": [
              {
                "key": "Authorization",
                "value": "Bearer {{jwt_token}}"
              }
            ],
            "url": {
              "raw": "http://localhost:8086/product-service/products",
              "protocol": "http",
              "host": ["localhost"],
              "port": "8086",
              "path": ["product-service", "products"]
            }
          }
        },
        {
          "name": "5. Get Product by ID",
          "request": {
            "method": "GET",
            "header": [
              {
                "key": "Authorization",
                "value": "Bearer {{jwt_token}}"
              }
            ],
            "url": {
              "raw": "http://localhost:8086/product-service/products/1",
              "protocol": "http",
              "host": ["localhost"],
              "port": "8086",
              "path": ["product-service", "products", "1"]
            }
          }
        },
        {
          "name": "6. Update Product",
          "request": {
            "method": "PUT",
            "header": [
              {
                "key": "Authorization",
                "value": "Bearer {{jwt_token}}"
              },
              {
                "key": "Content-Type",
                "value": "application/json"
              }
            ],
            "body": {
              "mode": "raw",
              "raw": "{\n  \"name\": \"Dell XPS 15 (Updated)\",\n  \"description\": \"High-performance laptop with Intel i9 processor and RTX 4060\",\n  \"manufacturer\": \"Dell\",\n  \"price\": 1499.99,\n  \"quantity\": 45\n}"
            },
            "url": {
              "raw": "http://localhost:8086/product-service/products/1",
              "protocol": "http",
              "host": ["localhost"],
              "port": "8086",
              "path": ["product-service", "products", "1"]
            }
          }
        },
        {
          "name": "7. Delete Product",
          "request": {
            "method": "DELETE",
            "header": [
              {
                "key": "Authorization",
                "value": "Bearer {{jwt_token}}"
              }
            ],
            "url": {
              "raw": "http://localhost:8086/product-service/products/3",
              "protocol": "http",
              "host": ["localhost"],
              "port": "8086",
              "path": ["product-service", "products", "3"]
            }
          }
        }
      ]
    },
    {
      "name": "SALES SERVICE",
      "item": [
        {
          "name": "1. Create Sale - Laptop",
          "request": {
            "method": "POST",
            "header": [
              {
                "key": "Authorization",
                "value": "Bearer {{jwt_token}}"
              },
              {
                "key": "Content-Type",
                "value": "application/json"
              }
            ],
            "body": {
              "mode": "raw",
              "raw": "{\n  \"productId\": 1,\n  \"productName\": \"Dell XPS 15\",\n  \"quantity\": 3,\n  \"unitPrice\": 1299.99,\n  \"totalPrice\": 3899.97,\n  \"customerName\": \"Alice Johnson\",\n  \"customerEmail\": \"alice.johnson@example.com\"\n}"
            },
            "url": {
              "raw": "http://localhost:8086/sales-service/sales",
              "protocol": "http",
              "host": ["localhost"],
              "port": "8086",
              "path": ["sales-service", "sales"]
            }
          }
        },
        {
          "name": "2. Create Sale - Mouse",
          "request": {
            "method": "POST",
            "header": [
              {
                "key": "Authorization",
                "value": "Bearer {{jwt_token}}"
              },
              {
                "key": "Content-Type",
                "value": "application/json"
              }
            ],
            "body": {
              "mode": "raw",
              "raw": "{\n  \"productId\": 2,\n  \"productName\": \"Logitech MX Master 3S\",\n  \"quantity\": 15,\n  \"unitPrice\": 99.99,\n  \"totalPrice\": 1499.85,\n  \"customerName\": \"Bob Smith\",\n  \"customerEmail\": \"bob.smith@example.com\"\n}"
            },
            "url": {
              "raw": "http://localhost:8086/sales-service/sales",
              "protocol": "http",
              "host": ["localhost"],
              "port": "8086",
              "path": ["sales-service", "sales"]
            }
          }
        },
        {
          "name": "3. Create Sale - Keyboard",
          "request": {
            "method": "POST",
            "header": [
              {
                "key": "Authorization",
                "value": "Bearer {{jwt_token}}"
              },
              {
                "key": "Content-Type",
                "value": "application/json"
              }
            ],
            "body": {
              "mode": "raw",
              "raw": "{\n  \"productId\": 3,\n  \"productName\": \"Mechanical RGB Keyboard\",\n  \"quantity\": 8,\n  \"unitPrice\": 179.99,\n  \"totalPrice\": 1439.92,\n  \"customerName\": \"Carol White\",\n  \"customerEmail\": \"carol.white@example.com\"\n}"
            },
            "url": {
              "raw": "http://localhost:8086/sales-service/sales",
              "protocol": "http",
              "host": ["localhost"],
              "port": "8086",
              "path": ["sales-service", "sales"]
            }
          }
        },
        {
          "name": "4. Create Sale - Multiple Laptops",
          "request": {
            "method": "POST",
            "header": [
              {
                "key": "Authorization",
                "value": "Bearer {{jwt_token}}"
              },
              {
                "key": "Content-Type",
                "value": "application/json"
              }
            ],
            "body": {
              "mode": "raw",
              "raw": "{\n  \"productId\": 1,\n  \"productName\": \"Dell XPS 15\",\n  \"quantity\": 5,\n  \"unitPrice\": 1299.99,\n  \"totalPrice\": 6499.95,\n  \"customerName\": \"David Chen\",\n  \"customerEmail\": \"david.chen@example.com\"\n}"
            },
            "url": {
              "raw": "http://localhost:8086/sales-service/sales",
              "protocol": "http",
              "host": ["localhost"],
              "port": "8086",
              "path": ["sales-service", "sales"]
            }
          }
        },
        {
          "name": "5. Get All Sales",
          "request": {
            "method": "GET",
            "header": [
              {
                "key": "Authorization",
                "value": "Bearer {{jwt_token}}"
              }
            ],
            "url": {
              "raw": "http://localhost:8086/sales-service/sales",
              "protocol": "http",
              "host": ["localhost"],
              "port": "8086",
              "path": ["sales-service", "sales"]
            }
          }
        },
        {
          "name": "6. Get Sale by ID",
          "request": {
            "method": "GET",
            "header": [
              {
                "key": "Authorization",
                "value": "Bearer {{jwt_token}}"
              }
            ],
            "url": {
              "raw": "http://localhost:8086/sales-service/sales/1",
              "protocol": "http",
              "host": ["localhost"],
              "port": "8086",
              "path": ["sales-service", "sales", "1"]
            }
          }
        },
        {
          "name": "7. Get Sales by Product ID",
          "request": {
            "method": "GET",
            "header": [
              {
                "key": "Authorization",
                "value": "Bearer {{jwt_token}}"
              }
            ],
            "url": {
              "raw": "http://localhost:8086/sales-service/sales/product/1",
              "protocol": "http",
              "host": ["localhost"],
              "port": "8086",
              "path": ["sales-service", "sales", "product", "1"]
            }
          }
        },
        {
          "name": "8. Get Sales by Date Range",
          "request": {
            "method": "GET",
            "header": [
              {
                "key": "Authorization",
                "value": "Bearer {{jwt_token}}"
              }
            ],
            "url": {
              "raw": "http://localhost:8086/sales-service/sales/date-range?startDate=2024-01-01&endDate=2024-12-31",
              "protocol": "http",
              "host": ["localhost"],
              "port": "8086",
              "path": ["sales-service", "sales", "date-range"],
              "query": [
                {
                  "key": "startDate",
                  "value": "2024-01-01"
                },
                {
                  "key": "endDate",
                  "value": "2024-12-31"
                }
              ]
            }
          }
        },
        {
          "name": "9. Get Sales Analytics & Trends",
          "request": {
            "method": "GET",
            "header": [
              {
                "key": "Authorization",
                "value": "Bearer {{jwt_token}}"
              }
            ],
            "url": {
              "raw": "http://localhost:8086/sales-service/sales/analytics/trends",
              "protocol": "http",
              "host": ["localhost"],
              "port": "8086",
              "path": ["sales-service", "sales", "analytics", "trends"]
            }
          }
        },
        {
          "name": "10. Delete Sale",
          "request": {
            "method": "DELETE",
            "header": [
              {
                "key": "Authorization",
                "value": "Bearer {{jwt_token}}"
              }
            ],
            "url": {
              "raw": "http://localhost:8086/sales-service/sales/1",
              "protocol": "http",
              "host": ["localhost"],
              "port": "8086",
              "path": ["sales-service", "sales", "1"]
            }
          }
        }
      ]
    },
    {
      "name": "INFRASTRUCTURE",
      "item": [
        {
          "name": "1. Eureka Dashboard",
          "request": {
            "method": "GET",
            "url": {
              "raw": "http://localhost:8761",
              "protocol": "http",
              "host": ["localhost"],
              "port": "8761"
            }
          }
        },
        {
          "name": "2. Config Server Health",
          "request": {
            "method": "GET",
            "url": {
              "raw": "http://localhost:8888/health",
              "protocol": "http",
              "host": ["localhost"],
              "port": "8888",
              "path": ["health"]
            }
          }
        },
        {
          "name": "3. User Service Health",
          "request": {
            "method": "GET",
            "url": {
              "raw": "http://localhost:8081/actuator/health",
              "protocol": "http",
              "host": ["localhost"],
              "port": "8081",
              "path": ["actuator", "health"]
            }
          }
        },
        {
          "name": "4. Product Service Health",
          "request": {
            "method": "GET",
            "url": {
              "raw": "http://localhost:8082/actuator/health",
              "protocol": "http",
              "host": ["localhost"],
              "port": "8082",
              "path": ["actuator", "health"]
            }
          }
        },
        {
          "name": "5. Sales Service Health",
          "request": {
            "method": "GET",
            "url": {
              "raw": "http://localhost:8083/actuator/health",
              "protocol": "http",
              "host": ["localhost"],
              "port": "8083",
              "path": ["actuator", "health"]
            }
          }
        }
      ]
    }
  ],
  "variable": [
    {
      "key": "jwt_token",
      "value": "",
      "type": "string",
      "description": "JWT token from login response. Copy token from login response and paste here."
    }
  ]
}
